IDFECHA,NOMBRE
1,2020-03-02T00:00:00.000
2,2020-03-06T00:00:00.000
3,2020-03-07T00:00:00.000
4,2020-03-09T00:00:00.000
5,2020-03-10T00:00:00.000
6,2020-03-08T00:00:00.000
7,2020-03-12T00:00:00.000
8,2020-03-11T00:00:00.000
9,2020-03-13T00:00:00.000
10,2020-03-15T00:00:00.000
11,2020-03-14T00:00:00.000
12,2020-03-16T00:00:00.000
13,2020-03-17T00:00:00.000
14,2020-03-18T00:00:00.000
15,2020-03-19T00:00:00.000
16,2020-03-20T00:00:00.000
17,2020-03-21T00:00:00.000
18,2020-03-22T00:00:00.000
19,2020-03-23T00:00:00.000
20,2020-03-24T00:00:00.000
21,2020-03-27T00:00:00.000
22,2020-03-25T00:00:00.000
23,2020-03-26T00:00:00.000
24,2020-03-28T00:00:00.000
25,2020-03-30T00:00:00.000
26,2020-03-31T00:00:00.000
27,2020-03-29T00:00:00.000
28,2020-04-01T00:00:00.000
29,2020-04-02T00:00:00.000
30,2020-04-03T00:00:00.000
31,2020-04-04T00:00:00.000
32,2020-04-05T00:00:00.000
33,2020-04-06T00:00:00.000
34,2020-04-08T00:00:00.000
35,2020-05-25T00:00:00.000
36,2020-07-19T00:00:00.000
37,2020-04-07T00:00:00.000
38,2020-04-09T00:00:00.000
39,2020-06-26T00:00:00.000
40,2020-04-10T00:00:00.000
41,2020-04-11T00:00:00.000
42,2020-04-12T00:00:00.000
43,2020-04-13T00:00:00.000
44,2020-04-14T00:00:00.000
45,2020-04-17T00:00:00.000
46,2020-04-23T00:00:00.000
47,2020-04-15T00:00:00.000
48,2020-04-16T00:00:00.000
49,2020-04-18T00:00:00.000
50,2020-04-19T00:00:00.000
51,2020-04-20T00:00:00.000
52,2020-04-21T00:00:00.000
53,2020-04-28T00:00:00.000
54,2020-04-22T00:00:00.000
55,2020-04-29T00:00:00.000
56,2020-04-24T00:00:00.000
57,2020-05-01T00:00:00.000
58,2020-04-25T00:00:00.000
59,2020-04-26T00:00:00.000
60,2020-04-27T00:00:00.000
61,2020-04-30T00:00:00.000
62,2020-05-26T00:00:00.000
63,2020-05-02T00:00:00.000
64,2020-05-04T00:00:00.000
65,2020-05-03T00:00:00.000
66,2020-05-05T00:00:00.000
67,2020-05-06T00:00:00.000
68,2020-05-07T00:00:00.000
69,2020-05-08T00:00:00.000
70,2020-05-09T00:00:00.000
71,2020-05-10T00:00:00.000
72,2020-05-11T00:00:00.000
73,2020-07-16T00:00:00.000
74,2020-06-30T00:00:00.000
75,2020-06-27T00:00:00.000
76,2020-05-12T00:00:00.000
77,2020-06-23T00:00:00.000
78,2020-05-13T00:00:00.000
79,2020-05-18T00:00:00.000
80,2020-05-14T00:00:00.000
81,2020-05-15T00:00:00.000
82,2020-05-16T00:00:00.000
83,2020-05-17T00:00:00.000
84,2020-05-19T00:00:00.000
85,2020-05-20T00:00:00.000
86,2020-06-06T00:00:00.000
87,2020-06-25T00:00:00.000
88,2020-05-21T00:00:00.000
89,2020-05-22T00:00:00.000
90,2020-07-01T00:00:00.000
91,2020-05-31T00:00:00.000
92,2020-05-23T00:00:00.000
93,2020-05-24T00:00:00.000
94,2020-05-28T00:00:00.000
95,2020-05-29T00:00:00.000
96,2020-05-27T00:00:00.000
97,2020-05-30T00:00:00.000
98,2020-06-01T00:00:00.000
99,2020-06-18T00:00:00.000
100,2020-06-03T00:00:00.000
101,2020-06-29T00:00:00.000
102,2020-06-02T00:00:00.000
103,2020-06-14T00:00:00.000
104,2020-06-22T00:00:00.000
105,2020-06-04T00:00:00.000
106,2020-06-28T00:00:00.000
107,2020-06-05T00:00:00.000
108,2020-06-07T00:00:00.000
109,2020-06-08T00:00:00.000
110,2020-06-09T00:00:00.000
111,2020-06-10T00:00:00.000
112,2020-06-19T00:00:00.000
113,2020-06-24T00:00:00.000
114,2020-06-11T00:00:00.000
115,2020-06-12T00:00:00.000
116,2020-06-16T00:00:00.000
117,2020-06-20T00:00:00.000
118,2020-07-03T00:00:00.000
119,2020-07-13T00:00:00.000
120,2020-07-12T00:00:00.000
121,2020-06-13T00:00:00.000
122,2020-07-02T00:00:00.000
123,2020-06-15T00:00:00.000
124,2020-07-26T00:00:00.000
125,2020-07-06T00:00:00.000
126,2020-06-17T00:00:00.000
127,2020-07-14T00:00:00.000
128,2020-07-07T00:00:00.000
129,2020-06-21T00:00:00.000
130,2020-07-04T00:00:00.000
131,2020-07-08T00:00:00.000
132,2020-07-10T00:00:00.000
133,2020-07-05T00:00:00.000
134,2020-07-09T00:00:00.000
135,2020-07-15T00:00:00.000
136,2020-07-29T00:00:00.000
137,2020-07-28T00:00:00.000
138,2020-07-24T00:00:00.000
139,2020-07-27T00:00:00.000
140,2020-07-11T00:00:00.000
141,2020-07-30T00:00:00.000
142,2020-07-17T00:00:00.000
143,2020-07-20T00:00:00.000
144,2020-07-23T00:00:00.000
145,2020-07-18T00:00:00.000
146,2020-07-21T00:00:00.000
147,2020-07-22T00:00:00.000
148,2020-07-31T00:00:00.000
149,2020-07-25T00:00:00.000
